{
	"partitions" : [
		{
			"name" : "Top",
			"pins" : [
				{
					"name" : "OB",
					"strict" : false
				},
				{
					"name" : "OC",
					"strict" : false
				},
				{
					"name" : "OE",
					"strict" : false
				},
				{
					"name" : "OD",
					"strict" : false
				},
				{
					"name" : "OF",
					"strict" : false
				},
				{
					"name" : "OG",
					"strict" : false
				},
				{
					"name" : "OA",
					"strict" : false
				},
				{
					"name" : "OB21",
					"strict" : false
				},
				{
					"name" : "OC22",
					"strict" : false
				},
				{
					"name" : "OE23",
					"strict" : false
				},
				{
					"name" : "OD24",
					"strict" : false
				},
				{
					"name" : "OF25",
					"strict" : false
				},
				{
					"name" : "OG26",
					"strict" : false
				},
				{
					"name" : "OA27",
					"strict" : false
				},
				{
					"name" : "OB28",
					"strict" : false
				},
				{
					"name" : "OC29",
					"strict" : false
				},
				{
					"name" : "OE30",
					"strict" : false
				},
				{
					"name" : "OD31",
					"strict" : false
				},
				{
					"name" : "OF32",
					"strict" : false
				},
				{
					"name" : "OG33",
					"strict" : false
				},
				{
					"name" : "OA34",
					"strict" : false
				},
				{
					"name" : "ALBO",
					"strict" : false
				},
				{
					"name" : "AGBO",
					"strict" : false
				},
				{
					"name" : "AEBO",
					"strict" : false
				},
				{
					"name" : "B1",
					"strict" : false
				},
				{
					"name" : "S2",
					"strict" : false
				},
				{
					"name" : "B2",
					"strict" : false
				}
			]
		}
	]
}